{"cameraMode":{"drawMode":0,"name":"Shaded","section":"Shading Mode"},"sceneLighting":true,"audioPlay":false,"sceneViewState":{"showFog":true,"showMaterialUpdate":false,"showSkybox":true,"showFlares":true,"showImageEffects":true,"showParticleSystems":true},"in2DMode":false,"pivot":{"x":-1.8364083766937256,"y":0.5935258865356445,"z":2.0379514694213869},"rotation":{"x":-0.23910640180110932,"y":0.5719230771064758,"z":-0.1789930760860443,"w":-0.7640025019645691},"size":1.4135661125183106,"orthographic":false}